metric,active_column,below_reference_pct,above_reference_pct,mean,lower_bound,upper_bound
late_productivity_proxy,pred_late_qp_pareto,0.0,0.0,3.72704943862077e-07,0.0,10.0
late_aggregation,pred_late_agg_pareto,0.0,0.0,6.4394880289948455,1.0,15.0
stability_drop,pred_qp_drop_pareto,0.0,0.0,0.3609520743084243,0.0,0.7
mannose_retention_risk,process_mannose_retention_risk,0.3695652173913043,0.0,0.14198091802304436,0.05,0.6
galactosylation_level,process_galactosylation_level,0.0,0.33695652173913043,0.705708322701162,0.2,0.8
sialylation_capacity,process_sialylation_capacity,0.0,0.42391304347826086,0.6605189973550128,0.05,0.7
aggregation_propensity,process_aggregation_propensity,0.0,0.0,0.27417699278744295,0.0,0.7
quality_consistency,process_quality_consistency,0.0,0.0,0.8079161892972684,0.5,1.0
