metric,active_column,source_type,expected_direction,lower_bound,upper_bound,reference_midpoint,mean,std,min,max,inside_reference_pct,normalized_distance_from_midpoint,notes,calibration_category,calibration_score
late_productivity_proxy,pred_late_qp_pareto,reference-informed,higher_is_better,0.0,10.0,5.0,3.72704943862077e-07,7.524081789076599e-07,2.498445397719584e-08,5.537450196275659e-06,1.0,0.9999999254588111,qP-like late productivity proxy; not direct g/L titer.,Borderline,50.00000186352979
late_aggregation,pred_late_agg_pareto,reference-informed,lower_is_better,1.0,15.0,8.0,6.4394880289948455,2.380712206171575,2.6095948923090084,11.341511379110129,1.0,0.22293028157213307,Predicted late aggregation plausibility range.,Excellent,81.77081024720837
stability_drop,pred_qp_drop_pareto,reference-informed,lower_is_better,0.0,0.7,0.35,0.3609520743084243,0.06655212554202458,0.2425305150518889,0.6249193287615783,1.0,0.03129164088112294,Late productivity decline fraction.,Excellent,96.96578158488826
mannose_retention_risk,process_mannose_retention_risk,reference-informed,lower_is_better,0.05,0.6,0.325,0.14198091802304436,0.14094663757822792,0.0,0.5300465967815003,0.6304347826086957,0.665523934459237,Normalized high-mannose-like risk.,Needs tuning,37.85203980352198
galactosylation_level,process_galactosylation_level,reference-informed,target_range,0.2,0.8,0.5,0.705708322701162,0.18627532010760775,0.250485137861088,1.0,0.6630434782608695,0.6856944090015877,Normalized terminal galactosylation tendency.,Needs tuning,39.33355148597666
sialylation_capacity,process_sialylation_capacity,reference-informed,target_range,0.05,0.7,0.375,0.6605189973550128,0.20442965067171553,0.2880116664604297,1.0,0.5760869565217391,0.8785199918588751,Normalized sialylation capacity.,Needs tuning,30.66706550999634
aggregation_propensity,process_aggregation_propensity,reference-informed,lower_is_better,0.0,0.7,0.35,0.27417699278744295,0.18241182660236338,0.0,0.6859188982219561,1.0,0.21663716346382972,Latent aggregation tendency after process simulation.,Excellent,82.19377395582325
quality_consistency,process_quality_consistency,reference-informed,higher_is_better,0.5,1.0,0.75,0.8079161892972684,0.16176162223971235,0.5094988305765447,1.0,1.0,0.23166475718814689,Latent product-quality robustness.,Excellent,81.19092424816714
